N,time(tics),time(secs)
1,1.000008e-007,0.000000e+000
2,1.000008e-007,0.000000e+000
3,2.000015e-007,0.000000e+000
4,2.000015e-007,0.000000e+000
5,3.000023e-007,0.000000e+000
6,4.000030e-007,1.000008e-007
7,5.000038e-007,1.000008e-007
8,6.000046e-007,2.000015e-007
9,6.000046e-007,2.000015e-007
10,7.999770e-007,2.999732e-007
11,8.000061e-007,3.000023e-007
12,1.200009e-006,3.999739e-007
13,1.100008e-006,5.999755e-007
14,1.200009e-006,6.000046e-007
15,1.599983e-006,8.000061e-007
16,1.499982e-006,7.999770e-007
17,1.500011e-006,9.999785e-007
18,1.800014e-006,9.999785e-007
19,4.100002e-006,1.100008e-006
20,4.400004e-006,1.100008e-006
21,4.400004e-006,1.200009e-006
22,5.100010e-006,1.400011e-006
23,5.000009e-006,1.499982e-006
24,5.300011e-006,1.599983e-006
25,5.400012e-006,2.000015e-006
26,7.600000e-006,2.100016e-006
27,6.200018e-006,2.299988e-006
28,5.199981e-006,2.399989e-006
29,4.200003e-006,2.699991e-006
30,7.199997e-006,2.899993e-006
31,1.970000e-005,3.299996e-006
32,7.299997e-006,3.199995e-006
33,6.200018e-006,4.100002e-006
34,1.310001e-005,3.900001e-006
35,8.000003e-006,4.300004e-006
36,1.060002e-005,4.200003e-006
37,8.999981e-006,4.700007e-006
38,1.429999e-005,4.800007e-006
39,1.039999e-005,4.999980e-006
40,1.108400e-003,5.699985e-006
41,4.699998e-005,5.400012e-006
42,1.233000e-004,5.799986e-006
43,9.950000e-005,6.000017e-006
44,1.319998e-005,6.300019e-006
45,3.570001e-005,6.899994e-006
46,1.240001e-005,6.100017e-006
47,4.930000e-005,7.600000e-006
48,6.359999e-005,7.899973e-006
49,1.459999e-005,7.700000e-006
50,1.409999e-005,8.100003e-006
51,1.480000e-005,8.400006e-006
52,1.160000e-005,8.399977e-006
53,1.490000e-005,9.599986e-006
54,1.126000e-004,9.399984e-006
55,2.920002e-005,9.899988e-006
56,1.620001e-005,1.000002e-005
57,1.819999e-005,1.039999e-005
58,1.829999e-005,1.090000e-005
59,2.199999e-005,1.120000e-005
60,1.890000e-005,1.130000e-005
61,5.520001e-005,1.209998e-005
62,7.820001e-005,1.329998e-005
63,2.079998e-005,1.299998e-005
64,2.199999e-005,1.310001e-005
65,2.389998e-005,1.289998e-005
66,2.160002e-005,1.490000e-005
67,8.870001e-005,1.390002e-005
68,8.400000e-005,1.480000e-005
69,2.860001e-005,1.490000e-005
70,3.060000e-005,1.560000e-005
71,2.000001e-005,1.550000e-005
72,2.520002e-005,1.659998e-005
73,1.124000e-004,1.639998e-005
74,6.500000e-005,1.799999e-005
75,2.839998e-005,1.870000e-005
76,3.160001e-005,1.910000e-005
77,2.340000e-005,1.910000e-005
78,9.619998e-005,2.040001e-005
79,4.839999e-005,2.080001e-005
80,3.440000e-005,2.110002e-005
81,2.590002e-005,2.020001e-005
82,3.160001e-005,2.129999e-005
83,1.180000e-004,2.270000e-005
84,5.250002e-005,2.300000e-005
85,3.870000e-005,2.390001e-005
86,4.290001e-005,2.380001e-005
87,7.210003e-005,2.390001e-005
88,9.680001e-005,2.479999e-005
89,3.440000e-005,2.399998e-005
90,4.220000e-005,2.640000e-005
91,1.256000e-004,2.630000e-005
92,6.009999e-005,2.760001e-005
93,6.019999e-005,2.779998e-005
94,4.429999e-005,2.889999e-005
95,9.859999e-005,2.859998e-005
96,8.609999e-005,2.730000e-005
97,7.300000e-005,3.070000e-005
98,3.790000e-005,3.010000e-005
99,1.775000e-004,3.150001e-005
100,6.020002e-005,3.200001e-005
101,4.820002e-005,3.269999e-005
102,1.296000e-004,3.390000e-005
103,8.959998e-005,3.250001e-005
104,5.640002e-005,3.470000e-005
105,8.250002e-005,3.770000e-005
106,1.004000e-004,3.630001e-005
107,5.619999e-005,3.669999e-005
108,8.980001e-005,3.699999e-005
109,1.469000e-004,3.699999e-005
110,5.750000e-005,3.840000e-005
111,1.649000e-004,3.790000e-005
112,1.170000e-004,3.919998e-005
113,1.209000e-004,4.029999e-005
114,1.098000e-004,4.129999e-005
115,7.050001e-005,3.979998e-005
116,1.214000e-004,4.140000e-005
117,8.220001e-005,4.299998e-005
118,1.291000e-004,4.270000e-005
119,1.320000e-004,4.400001e-005
120,1.428000e-004,4.429999e-005
121,1.311000e-004,4.509999e-005
122,7.250000e-005,4.570003e-005
123,1.466000e-004,4.430002e-005
124,1.248000e-004,4.819999e-005
125,1.440000e-004,4.700001e-005
126,1.153000e-004,4.869999e-005
127,8.129998e-005,4.990000e-005
128,2.316000e-004,5.130001e-005
129,1.015000e-004,5.190002e-005
130,1.743000e-004,5.050001e-005
131,2.257000e-004,5.300000e-005
132,1.433000e-004,5.430001e-005
133,1.579000e-004,5.219999e-005
134,1.446000e-004,5.489998e-005
135,1.185000e-004,5.599999e-005
136,1.494000e-004,5.620002e-005
137,1.402000e-004,5.799998e-005
138,1.094000e-004,5.860001e-005
139,1.094000e-004,5.959999e-005
140,1.143000e-004,6.020002e-005
141,1.481000e-004,6.159997e-005
142,1.561000e-004,5.980002e-005
143,9.600000e-005,6.070000e-005
144,1.581000e-004,6.130000e-005
145,1.212000e-004,6.110000e-005
146,2.732000e-004,6.470000e-005
147,1.520000e-004,6.359999e-005
148,2.676000e-004,6.640001e-005
149,8.920001e-005,6.909997e-005
150,2.634000e-004,7.010001e-005
151,8.920001e-005,6.850000e-005
152,5.057000e-004,6.710002e-005
153,1.651000e-004,6.840000e-005
154,2.301000e-004,7.070001e-005
155,7.428000e-004,7.460002e-005
156,1.244000e-004,7.240000e-005
157,3.210000e-004,7.330001e-005
158,1.378000e-004,7.390001e-005
159,1.620000e-004,7.400001e-005
160,1.765000e-004,7.670000e-005
161,1.552000e-004,7.650000e-005
162,2.214000e-004,7.839999e-005
163,1.686000e-004,7.890002e-005
164,1.615000e-004,8.060000e-005
165,2.525000e-004,8.079997e-005
166,1.817000e-004,8.119998e-005
167,1.379000e-004,8.380000e-005
168,2.093000e-004,8.319999e-005
169,2.206000e-004,8.620002e-005
170,2.238000e-004,8.499998e-005
171,3.285000e-004,8.670002e-005
172,1.805000e-004,8.770000e-005
173,1.421000e-004,8.510001e-005
174,2.053000e-004,9.150000e-005
175,3.205000e-004,9.050002e-005
176,2.053000e-004,8.880001e-005
177,2.139000e-004,9.409999e-005
178,3.458000e-004,9.299998e-005
179,3.418000e-004,9.510000e-005
180,1.280000e-004,9.530000e-005
181,1.935000e-004,9.359999e-005
182,2.473000e-004,9.620000e-005
183,3.199000e-004,1.002000e-004
184,3.697000e-004,1.035000e-004
185,3.213000e-004,1.006000e-004
186,2.297000e-004,1.012000e-004
187,1.552000e-004,1.028000e-004
188,2.613000e-004,1.049000e-004
189,2.688000e-004,1.024000e-004
190,2.344000e-004,1.034000e-004
191,2.791000e-004,1.061000e-004
192,2.132000e-004,1.063000e-004
193,2.604000e-004,1.062000e-004
194,2.368000e-004,1.090000e-004
195,6.990000e-004,1.095000e-004
196,4.902000e-004,1.138000e-004
197,1.699500e-003,1.162000e-004
198,5.194000e-004,1.144000e-004
199,1.548900e-003,1.161000e-004
200,4.274000e-004,1.157000e-004
201,6.449000e-004,1.205000e-004
202,1.025300e-003,1.193000e-004
203,4.845000e-004,1.225000e-004
204,1.638000e-003,1.220000e-004
205,1.070100e-003,1.281000e-004
206,9.709000e-004,1.232000e-004
207,1.224500e-003,1.223000e-004
208,1.028300e-003,1.240000e-004
209,5.145000e-004,1.268000e-004
210,4.376600e-003,1.288000e-004
211,4.412000e-004,1.251000e-004
212,1.537400e-003,1.352000e-004
213,4.249000e-004,1.323000e-004
214,6.840000e-003,1.399000e-004
215,8.060000e-004,1.281000e-004
216,5.679000e-004,1.358000e-004
217,1.605100e-003,1.359000e-004
218,6.969000e-004,1.370000e-004
219,7.156000e-004,1.354000e-004
220,3.201000e-004,1.378000e-004
221,2.578000e-004,1.397000e-004
222,4.830000e-004,1.401000e-004
223,2.812000e-004,1.404000e-004
224,4.098000e-004,1.407000e-004
225,3.596000e-004,1.438000e-004
226,7.183000e-004,1.461000e-004
227,3.185000e-004,1.462000e-004
228,4.009000e-004,1.480000e-004
229,3.111000e-004,1.484000e-004
230,3.002000e-004,1.525000e-004
231,2.715000e-004,1.533000e-004
232,3.609000e-004,1.490000e-004
233,4.775000e-004,1.529000e-004
234,4.108000e-004,1.550000e-004
235,3.806000e-004,1.583000e-004
236,4.027000e-004,1.544000e-004
237,4.446000e-004,1.566000e-004
238,3.376000e-004,1.617000e-004
239,3.364000e-004,1.610000e-004
240,3.070000e-004,1.614000e-004
241,4.221000e-004,1.620000e-004
242,4.141000e-004,1.624000e-004
243,4.950000e-004,1.678000e-004
244,3.979000e-004,1.648000e-004
245,3.819000e-004,1.686000e-004
246,3.924000e-004,1.713000e-004
247,3.476000e-004,1.711000e-004
248,4.034000e-004,1.733000e-004
249,3.406000e-004,1.724000e-004
250,4.189000e-004,1.750000e-004
251,3.809000e-004,1.778000e-004
252,3.221000e-004,1.798000e-004
253,3.405000e-004,1.756000e-004
254,5.019000e-004,1.828000e-004
255,3.071000e-004,1.813000e-004
256,5.121000e-004,1.841000e-004
257,3.843000e-004,1.844000e-004
258,3.695000e-004,1.873000e-004
259,4.460000e-004,1.868000e-004
260,5.403000e-004,1.895000e-004
261,6.996000e-004,1.903000e-004
262,5.412000e-004,1.902000e-004
263,3.589000e-004,1.903000e-004
264,4.345000e-004,1.922000e-004
265,4.499000e-004,1.962000e-004
266,4.381000e-004,1.986000e-004
267,3.583000e-004,1.951000e-004
268,3.988000e-004,1.992000e-004
269,4.788000e-004,2.021000e-004
270,3.821000e-004,2.032000e-004
271,4.567000e-004,2.050000e-004
272,4.084000e-004,2.057000e-004
273,5.207000e-004,2.084000e-004
274,4.218000e-004,2.087000e-004
275,4.759000e-004,2.105000e-004
276,4.423000e-004,2.110000e-004
277,3.846000e-004,2.079000e-004
278,8.573000e-004,2.167000e-004
279,3.665000e-004,2.155000e-004
280,4.770000e-004,2.178000e-004
281,4.259000e-004,2.167000e-004
282,4.685000e-004,2.187000e-004
283,4.542000e-004,2.180000e-004
284,4.345000e-004,2.220000e-004
285,4.385000e-004,2.255000e-004
286,4.879000e-004,2.235000e-004
287,4.313000e-004,2.275000e-004
288,5.535000e-004,2.267000e-004
289,5.157000e-004,2.306000e-004
290,5.254000e-004,2.297000e-004
291,7.515000e-004,2.306000e-004
292,6.058000e-004,2.362000e-004
293,4.475000e-004,2.365000e-004
294,6.526000e-004,2.365000e-004
295,4.651000e-004,2.358000e-004
296,5.267000e-004,2.393000e-004
297,5.387000e-004,2.433000e-004
298,5.105000e-004,2.421000e-004
299,4.426000e-004,2.441000e-004
300,5.462000e-004,2.458000e-004
301,5.307000e-004,2.453000e-004
302,7.710000e-004,2.513000e-004
303,5.144000e-004,2.504000e-004
304,4.712000e-004,2.536000e-004
305,5.095000e-004,2.484000e-004
306,6.421000e-004,2.546000e-004
307,4.623000e-004,2.559000e-004
308,5.553000e-004,2.581000e-004
309,4.621000e-004,2.562000e-004
310,6.636000e-004,2.618000e-004
311,5.681000e-004,2.648000e-004
312,8.462000e-004,2.657000e-004
313,8.630000e-004,2.644000e-004
314,5.875000e-004,2.634000e-004
315,4.860000e-004,2.698000e-004
316,7.421000e-004,2.730000e-004
317,5.594000e-004,2.718000e-004
318,5.343000e-004,2.772000e-004
319,4.595000e-004,2.766000e-004
320,6.764000e-004,2.790000e-004
321,6.129000e-004,2.782000e-004
322,6.068000e-004,2.801000e-004
323,6.206000e-004,2.822000e-004
324,5.781000e-004,2.844000e-004
325,5.292000e-004,2.847000e-004
326,6.286000e-004,2.857000e-004
327,5.158000e-004,2.847000e-004
328,6.068000e-004,2.915000e-004
329,6.236000e-004,2.859000e-004
330,6.146000e-004,2.932000e-004
331,6.633000e-004,2.955000e-004
332,6.279000e-004,2.933000e-004
333,1.220200e-003,2.953000e-004
334,5.631000e-004,3.008000e-004
335,8.490000e-004,2.982000e-004
336,5.628000e-004,3.033000e-004
337,5.442000e-004,3.057000e-004
338,7.347000e-004,3.095000e-004
339,6.201000e-004,3.114000e-004
340,6.731000e-004,3.099000e-004
341,5.935000e-004,3.151000e-004
342,6.509000e-004,3.130000e-004
343,7.196000e-004,3.139000e-004
344,7.172000e-004,3.213000e-004
345,6.473000e-004,3.181000e-004
346,6.263000e-004,3.209000e-004
347,6.490000e-004,3.216000e-004
348,6.264000e-004,3.237000e-004
349,5.699000e-004,3.256000e-004
350,6.411000e-004,3.304000e-004
351,5.730000e-004,3.321000e-004
352,8.784000e-004,3.344000e-004
353,6.229000e-004,3.323000e-004
354,9.695000e-004,3.392000e-004
355,5.761000e-004,3.361000e-004
356,6.178000e-004,3.413000e-004
357,6.068000e-004,3.437000e-004
358,6.010000e-004,3.420000e-004
359,6.335000e-004,3.400000e-004
360,9.098000e-004,3.460000e-004
361,6.399000e-004,3.430000e-004
362,5.589000e-004,3.465000e-004
363,6.815000e-004,3.520000e-004
364,1.099500e-003,3.471000e-004
365,7.773000e-004,3.550000e-004
366,7.324000e-004,3.517000e-004
367,6.740000e-004,3.597000e-004
368,7.169000e-004,3.587000e-004
369,7.670000e-004,3.618000e-004
370,1.026800e-003,3.637000e-004
371,8.143000e-004,3.662000e-004
372,1.295900e-003,3.686000e-004
373,6.828000e-004,3.639000e-004
374,1.094000e-003,3.748000e-004
375,7.702000e-004,3.711000e-004
376,8.328000e-004,3.775000e-004
377,7.047000e-004,3.687000e-004
378,7.702000e-004,3.821000e-004
379,7.160000e-004,3.782000e-004
380,9.514000e-004,3.822000e-004
381,8.798000e-004,3.871000e-004
382,8.543000e-004,3.870000e-004
383,8.363000e-004,3.911000e-004
384,8.314000e-004,3.908000e-004
385,9.431000e-004,3.928000e-004
386,7.413000e-004,3.913000e-004
387,7.804000e-004,3.917000e-004
388,8.947000e-004,4.004000e-004
389,1.040200e-003,4.007000e-004
390,8.833000e-004,4.001000e-004
391,1.007100e-003,4.032000e-004
392,9.497000e-004,4.040000e-004
393,7.695000e-004,4.026000e-004
394,7.444000e-004,4.059000e-004
395,1.012900e-003,4.117000e-004
396,7.831000e-004,4.134000e-004
397,7.201000e-004,4.161000e-004
398,7.898000e-004,4.156000e-004
399,1.022600e-003,4.159000e-004
400,1.003300e-003,4.243000e-004
401,1.525500e-003,4.192000e-004
402,8.989000e-004,4.279000e-004
403,1.353700e-003,4.313000e-004
404,8.012000e-004,4.319000e-004
405,1.185300e-003,4.293000e-004
406,8.983000e-004,4.294000e-004
407,8.731000e-004,4.378000e-004
408,1.130800e-003,4.387000e-004
409,1.203600e-003,4.411000e-004
410,8.165000e-004,4.359000e-004
411,7.981000e-004,4.440000e-004
412,8.811000e-004,4.447000e-004
413,1.397100e-003,4.428000e-004
414,7.981000e-004,4.483000e-004
415,8.248000e-004,4.480000e-004
416,8.667000e-004,4.578000e-004
417,6.726000e-004,4.543000e-004
418,8.129000e-004,4.591000e-004
419,8.903000e-004,4.588000e-004
420,8.250000e-004,4.554000e-004
421,8.822000e-004,4.647000e-004
422,9.672000e-004,4.655000e-004
423,1.180900e-003,4.679000e-004
424,1.577600e-003,4.694000e-004
425,8.309000e-004,4.712000e-004
426,8.633000e-004,4.789000e-004
427,1.093100e-003,4.792000e-004
428,1.025900e-003,4.786000e-004
429,8.397000e-004,4.737000e-004
430,8.689000e-004,4.851000e-004
431,8.750500e-003,4.836000e-004
432,3.183200e-003,4.844000e-004
433,9.066000e-004,4.914000e-004
434,9.350000e-004,4.950000e-004
435,9.771000e-004,4.949000e-004
436,8.129000e-004,4.976000e-004
437,8.988000e-004,4.959000e-004
438,1.035800e-003,5.023000e-004
439,9.890000e-004,5.046000e-004
440,8.787000e-004,5.069000e-004
441,8.803000e-004,5.097000e-004
442,1.011800e-003,5.094000e-004
443,1.103300e-003,5.128000e-004
444,1.164000e-003,5.139000e-004
445,9.685000e-004,5.105000e-004
446,9.543000e-004,5.182000e-004
447,9.843000e-004,5.210000e-004
448,1.381400e-003,5.213000e-004
449,1.141700e-003,5.277000e-004
450,1.041500e-003,5.211000e-004
451,9.214000e-004,5.316000e-004
452,1.393700e-003,5.261000e-004
453,9.725000e-004,5.358000e-004
454,1.578500e-003,5.381000e-004
455,8.132000e-004,5.377000e-004
456,1.027400e-003,5.404000e-004
457,1.230800e-003,5.426000e-004
458,1.040400e-003,5.455000e-004
459,1.063000e-003,5.426000e-004
460,2.296000e-003,5.468000e-004
461,8.333000e-004,5.505000e-004
462,1.174000e-003,5.548000e-004
463,1.020700e-003,5.543000e-004
464,9.571000e-004,5.530000e-004
465,1.124200e-003,5.629000e-004
466,8.945000e-004,5.628000e-004
467,1.198500e-003,5.630000e-004
468,1.383000e-003,5.683000e-004
469,1.053400e-003,5.722000e-004
470,1.116900e-003,5.728000e-004
471,1.251500e-003,5.753000e-004
472,1.031000e-003,5.769000e-004
473,1.013600e-003,5.784000e-004
474,9.928000e-004,5.811000e-004
475,1.598800e-003,5.793000e-004
476,1.247100e-003,5.882000e-004
477,1.728100e-003,5.884000e-004
478,1.147300e-003,5.898000e-004
479,1.177600e-003,5.962000e-004
480,1.639700e-003,5.927000e-004
481,1.578600e-003,5.966000e-004
482,1.597500e-003,6.061000e-004
483,1.157700e-003,6.044000e-004
484,1.093500e-003,6.053000e-004
485,1.748700e-003,6.034000e-004
486,2.163300e-003,6.051000e-004
487,1.168000e-003,6.084000e-004
488,1.102900e-003,6.144000e-004
489,1.398700e-003,6.192000e-004
490,1.256400e-003,6.227000e-004
491,1.555500e-003,6.171000e-004
492,9.406000e-004,6.257000e-004
493,1.213100e-003,6.291000e-004
494,1.684100e-003,6.298000e-004
495,2.286300e-003,6.280000e-004
496,2.336600e-003,6.354000e-004
497,1.214400e-003,6.379000e-004
498,9.980000e-004,6.399000e-004
499,1.164200e-003,6.398000e-004
500,1.254300e-003,6.432000e-004
501,1.294700e-003,6.467000e-004
502,1.299500e-003,6.498000e-004
503,1.289000e-003,6.460000e-004
504,1.185300e-003,6.544000e-004
505,1.177300e-003,6.521000e-004
506,1.137700e-003,6.588000e-004
507,1.003300e-003,6.619000e-004
508,1.219300e-003,6.659000e-004
509,1.082200e-003,6.449000e-004
510,3.021000e-003,6.671000e-004
511,1.344600e-003,6.763000e-004
512,1.786300e-003,6.666000e-004
513,1.477400e-003,6.749000e-004
514,1.299800e-003,6.728000e-004
515,1.385400e-003,6.790000e-004
516,1.311100e-003,6.807000e-004
517,1.156200e-003,6.815000e-004
518,1.429200e-003,6.872000e-004
519,1.406100e-003,6.933000e-004
520,2.670800e-003,6.851000e-004
521,1.284100e-003,6.943000e-004
522,2.976000e-003,7.048000e-004
523,1.352000e-003,6.984000e-004
524,1.472600e-003,6.967000e-004
525,1.348000e-003,7.067000e-004
526,2.237600e-003,6.998000e-004
527,1.354800e-003,7.141000e-004
528,1.635300e-003,7.160000e-004
529,1.632800e-003,7.215000e-004
530,2.134500e-003,7.146000e-004
531,1.145600e-003,7.254000e-004
532,1.470600e-003,7.229000e-004
533,2.042500e-003,7.194000e-004
534,1.343600e-003,7.264000e-004
535,9.788000e-004,7.296000e-004
536,1.714100e-003,7.318000e-004
537,1.312500e-003,7.307000e-004
538,1.412100e-003,7.407000e-004
539,1.230200e-003,7.406000e-004
540,2.573200e-003,7.472000e-004
541,1.402400e-003,7.469000e-004
542,1.574200e-003,7.456000e-004
543,1.427200e-003,7.525000e-004
544,2.191500e-003,7.533000e-004
545,2.303900e-003,7.610000e-004
546,1.197900e-003,7.630000e-004
547,1.483200e-003,7.619000e-004
548,1.254100e-003,7.669000e-004
549,1.686600e-003,7.702000e-004
550,1.369300e-003,7.703000e-004
551,5.631600e-003,7.758000e-004
552,1.590200e-003,7.753000e-004
553,1.562300e-003,7.769000e-004
554,1.619600e-003,7.839000e-004
555,1.572500e-003,7.778000e-004
556,1.592200e-003,7.812000e-004
557,1.413500e-003,7.880000e-004
558,1.751700e-003,7.914000e-004
559,1.650100e-003,7.927000e-004
560,1.994200e-003,8.017000e-004
561,3.720400e-003,8.010000e-004
562,3.648700e-003,7.996000e-004
563,3.377800e-003,8.098000e-004
564,3.965000e-003,8.189000e-004
565,6.219800e-003,8.256000e-004
566,2.203200e-003,8.102000e-004
567,1.513200e-003,8.193000e-004
568,1.737600e-003,8.142000e-004
569,1.440700e-003,8.181000e-004
570,1.310600e-003,8.189000e-004
571,1.567600e-003,8.283000e-004
572,1.355400e-003,8.367000e-004
573,1.616500e-003,8.347000e-004
574,1.602500e-003,8.399000e-004
575,1.563600e-003,8.355000e-004
576,1.646300e-003,8.389000e-004
577,1.384400e-003,8.388000e-004
578,1.387700e-003,8.495000e-004
579,1.623200e-003,8.469000e-004
580,1.459100e-003,8.460000e-004
581,1.682100e-003,8.529000e-004
582,1.600200e-003,8.610000e-004
583,1.324800e-003,8.602000e-004
584,1.477300e-003,8.611000e-004
585,1.476000e-003,8.617000e-004
586,1.783000e-003,8.719000e-004
587,1.811100e-003,8.744000e-004
588,1.309200e-003,8.649000e-004
589,1.373900e-003,8.792000e-004
590,1.818300e-003,8.806000e-004
591,1.719900e-003,8.829000e-004
592,1.862800e-003,8.851000e-004
593,1.364300e-003,8.821000e-004
594,1.504000e-003,8.844000e-004
595,1.885300e-003,8.960000e-004
596,1.606100e-003,8.976000e-004
597,1.738100e-003,9.025000e-004
598,1.561700e-003,8.951000e-004
599,1.373500e-003,9.091000e-004
600,1.489800e-003,9.117000e-004
601,1.691900e-003,9.109000e-004
602,1.643600e-003,9.098000e-004
603,1.451900e-003,9.131000e-004
604,1.706500e-003,9.112000e-004
605,1.825300e-003,9.161000e-004
606,1.717600e-003,9.285000e-004
607,1.704500e-003,9.350000e-004
608,1.926800e-003,9.300000e-004
609,1.737100e-003,9.338000e-004
610,1.557400e-003,9.421000e-004
611,1.731500e-003,9.347000e-004
612,1.724800e-003,9.312000e-004
613,1.487200e-003,9.473000e-004
614,1.689100e-003,9.593000e-004
615,1.871000e-003,9.570000e-004
616,1.882500e-003,9.527000e-004
617,1.446700e-003,9.502000e-004
618,1.672200e-003,9.599000e-004
619,1.682300e-003,9.603000e-004
620,1.699100e-003,9.715000e-004
621,1.577300e-003,9.743000e-004
622,1.936500e-003,9.757000e-004
623,1.361600e-003,9.778000e-004
624,1.421300e-003,9.842000e-004
625,1.941400e-003,9.771000e-004
626,1.584200e-003,9.853000e-004
627,1.608600e-003,9.888000e-004
628,1.667500e-003,9.918000e-004
629,1.499600e-003,9.905000e-004
630,1.445500e-003,9.924000e-004
631,1.518900e-003,9.990000e-004
632,2.015200e-003,1.000500e-003
633,1.990200e-003,1.007400e-003
634,1.715300e-003,1.010600e-003
635,2.038700e-003,1.010300e-003
636,1.942500e-003,1.008900e-003
637,1.627700e-003,1.025800e-003
638,2.235900e-003,1.030100e-003
639,2.269400e-003,1.032300e-003
640,1.753300e-003,1.022500e-003
641,1.925900e-003,1.024800e-003
642,1.863900e-003,1.032100e-003
643,1.807400e-003,1.037700e-003
644,1.761400e-003,1.042300e-003
645,1.594600e-003,1.039500e-003
646,1.811200e-003,1.050900e-003
647,1.765300e-003,1.044500e-003
648,1.711100e-003,1.062600e-003
649,2.123100e-003,1.066100e-003
650,1.610600e-003,1.058500e-003
651,1.731100e-003,1.069400e-003
652,1.532200e-003,1.061000e-003
653,2.000000e-003,1.067100e-003
654,1.945200e-003,1.074900e-003
655,1.764500e-003,1.072600e-003
656,1.831100e-003,1.076300e-003
657,2.083200e-003,1.074100e-003
658,3.401900e-003,1.074600e-003
659,1.698000e-003,1.095700e-003
660,2.002900e-003,1.094200e-003
661,1.890400e-003,1.097200e-003
662,1.838200e-003,1.091300e-003
663,2.073500e-003,1.098200e-003
664,1.778900e-003,1.106400e-003
665,2.070900e-003,1.107800e-003
666,1.869300e-003,1.115500e-003
667,1.939500e-003,1.111500e-003
668,2.188100e-003,1.115300e-003
669,1.955200e-003,1.111300e-003
670,1.749900e-003,1.124000e-003
671,2.131600e-003,1.122000e-003
672,1.786700e-003,1.132800e-003
673,1.927900e-003,1.126400e-003
674,1.726900e-003,1.134000e-003
675,2.554800e-003,1.143400e-003
676,2.034600e-003,1.147100e-003
677,1.725500e-003,1.144800e-003
678,1.640400e-003,1.152000e-003
679,1.958400e-003,1.137200e-003
680,2.147300e-003,1.149400e-003
681,1.862900e-003,1.155900e-003
682,2.063200e-003,1.154100e-003
683,2.010800e-003,1.153800e-003
684,1.663600e-003,1.166200e-003
685,1.969400e-003,1.163700e-003
686,1.968000e-003,1.174700e-003
687,1.792000e-003,1.182000e-003
688,1.807000e-003,1.179300e-003
689,1.950000e-003,1.185800e-003
690,1.978200e-003,1.182700e-003
691,1.879900e-003,1.200100e-003
692,2.105900e-003,1.187600e-003
693,1.864600e-003,1.196700e-003
694,1.826300e-003,1.188300e-003
695,1.847700e-003,1.208800e-003
696,2.029600e-003,1.202200e-003
697,1.764500e-003,1.217400e-003
698,1.860500e-003,1.210800e-003
699,2.453800e-003,1.210400e-003
700,1.764100e-003,1.223500e-003
701,2.248700e-003,1.222700e-003
702,2.230500e-003,1.228100e-003
703,1.897300e-003,1.233800e-003
704,1.758400e-003,1.240200e-003
705,2.343900e-003,1.240500e-003
706,1.898100e-003,1.241900e-003
707,2.093500e-003,1.250100e-003
708,1.747100e-003,1.250900e-003
709,1.975500e-003,1.251800e-003
710,2.254700e-003,1.253400e-003
711,2.418300e-003,1.268100e-003
712,1.839100e-003,1.263700e-003
713,2.411600e-003,1.262500e-003
714,2.373900e-003,1.263500e-003
715,2.064000e-003,1.272800e-003
716,2.424200e-003,1.282800e-003
717,1.931800e-003,1.285700e-003
718,2.020700e-003,1.281200e-003
719,2.018100e-003,1.286200e-003
720,2.537500e-003,1.293300e-003
721,2.142400e-003,1.278800e-003
722,1.779000e-003,1.284700e-003
723,2.098100e-003,1.300600e-003
724,2.084100e-003,1.295000e-003
725,2.059600e-003,1.305900e-003
726,2.443600e-003,1.310300e-003
727,2.046200e-003,1.319600e-003
728,2.707400e-003,1.318400e-003
729,2.520500e-003,1.322800e-003
730,2.737300e-003,1.328300e-003
731,2.193600e-003,1.326900e-003
732,2.252900e-003,1.325100e-003
733,2.497700e-003,1.333800e-003
734,2.164800e-003,1.337700e-003
735,2.048800e-003,1.341300e-003
736,2.388200e-003,1.333900e-003
737,2.948200e-003,1.338700e-003
738,1.892300e-003,1.349000e-003
739,2.067500e-003,1.349300e-003
740,2.496900e-003,1.369300e-003
741,2.202300e-003,1.362500e-003
742,2.065100e-003,1.366500e-003
743,2.190200e-003,1.365900e-003
744,2.369300e-003,1.371500e-003
745,2.329500e-003,1.382400e-003
746,2.891300e-003,1.400100e-003
747,2.931600e-003,1.388100e-003
748,2.526800e-003,1.398000e-003
749,2.886100e-003,1.394300e-003
750,2.945200e-003,1.400500e-003
751,2.205100e-003,1.397000e-003
752,2.374000e-003,1.401100e-003
753,2.607700e-003,1.406600e-003
754,2.087400e-003,1.406300e-003
755,2.461300e-003,1.411800e-003
756,2.546300e-003,1.411400e-003
757,2.551000e-003,1.419900e-003
758,2.503300e-003,1.422900e-003
759,2.398100e-003,1.427300e-003
760,2.430200e-003,1.424800e-003
761,2.084900e-003,1.434700e-003
762,1.872100e-003,1.445900e-003
763,2.961500e-003,1.435900e-003
764,3.075300e-003,1.444900e-003
765,2.705100e-003,1.461800e-003
766,2.145500e-003,1.449500e-003
767,2.313000e-003,1.450300e-003
768,3.767800e-003,1.448400e-003
769,3.204500e-003,1.475100e-003
770,2.884500e-003,1.492400e-003
771,3.199100e-003,1.486600e-003
772,3.005400e-003,1.502400e-003
773,2.977000e-003,1.493700e-003
774,2.560200e-003,1.471800e-003
775,2.656400e-003,1.484200e-003
776,2.686000e-003,1.490000e-003
777,2.793200e-003,1.487900e-003
778,2.634400e-003,1.486900e-003
779,2.487800e-003,1.506000e-003
780,2.580300e-003,1.508500e-003
781,1.992100e-003,1.512100e-003
782,2.502700e-003,1.503600e-003
783,2.454000e-003,1.519900e-003
784,2.305000e-003,1.524100e-003
785,2.483000e-003,1.521100e-003
786,2.478300e-003,1.517400e-003
787,2.152400e-003,1.533000e-003
788,2.630600e-003,1.525600e-003
789,2.437400e-003,1.541500e-003
790,3.107200e-003,1.544600e-003
791,2.651800e-003,1.545800e-003
792,2.729300e-003,1.538200e-003
793,2.839300e-003,1.556300e-003
794,2.464700e-003,1.562600e-003
795,2.285700e-003,1.560200e-003
796,3.222500e-003,1.570300e-003
797,2.660200e-003,1.556200e-003
798,3.010300e-003,1.568200e-003
799,2.596700e-003,1.580000e-003
800,2.609300e-003,1.582100e-003
801,2.643700e-003,1.584600e-003
802,2.597500e-003,1.582200e-003
803,2.818600e-003,1.594600e-003
804,3.034200e-003,1.586000e-003
805,2.574500e-003,1.602200e-003
806,2.704200e-003,1.596700e-003
807,2.589900e-003,1.610200e-003
808,2.699800e-003,1.585600e-003
809,2.713400e-003,1.612900e-003
810,2.686400e-003,1.608200e-003
811,2.771500e-003,1.593500e-003
812,2.724600e-003,1.616300e-003
813,2.678300e-003,1.631800e-003
814,2.785800e-003,1.634900e-003
815,2.504600e-003,1.634600e-003
816,2.468200e-003,1.638200e-003
817,2.913200e-003,1.642300e-003
818,2.847600e-003,1.646500e-003
819,2.786400e-003,1.647600e-003
820,2.853200e-003,1.653100e-003
821,2.530300e-003,1.659400e-003
822,2.780700e-003,1.658700e-003
823,2.996000e-003,1.666000e-003
824,2.632400e-003,1.680000e-003
825,2.541300e-003,1.675600e-003
826,2.532800e-003,1.691400e-003
827,3.125100e-003,1.685000e-003
828,3.663400e-003,2.468100e-003
829,3.728800e-003,1.722700e-003
830,3.707300e-003,1.680900e-003
831,3.013400e-003,1.695200e-003
832,2.918100e-003,1.692900e-003
833,3.066000e-003,1.707100e-003
834,2.909500e-003,1.713200e-003
835,2.483200e-003,1.710700e-003
836,2.930200e-003,1.721100e-003
837,3.048700e-003,1.725200e-003
838,2.853500e-003,1.726200e-003
839,2.742000e-003,1.732200e-003
840,2.557400e-003,1.736900e-003
841,3.480400e-003,1.752800e-003
842,3.390100e-003,1.735100e-003
843,3.318700e-003,1.752400e-003
844,3.184900e-003,1.742800e-003
845,3.174500e-003,1.752200e-003
846,2.986100e-003,1.771900e-003
847,2.778800e-003,1.771500e-003
848,3.382700e-003,1.753500e-003
849,3.354600e-003,1.769900e-003
850,2.565500e-003,1.776000e-003
851,2.561800e-003,1.781700e-003
852,2.972700e-003,1.782700e-003
853,3.887800e-003,1.778900e-003
854,3.744200e-003,1.797200e-003
855,3.962100e-003,2.520700e-003
856,3.775500e-003,1.859400e-003
857,3.742100e-003,1.811200e-003
858,3.747400e-003,1.806900e-003
859,3.056800e-003,1.800800e-003
860,3.008700e-003,1.813100e-003
861,3.011500e-003,1.831200e-003
862,3.552400e-003,1.832900e-003
863,2.890700e-003,1.828200e-003
864,3.062200e-003,1.838100e-003
865,3.289200e-003,1.840300e-003
866,2.914200e-003,1.846100e-003
867,3.926900e-003,1.842500e-003
868,2.641000e-003,1.849700e-003
869,2.712900e-003,1.847700e-003
870,2.536800e-003,1.847100e-003
871,2.638100e-003,1.866900e-003
872,3.512200e-003,1.865100e-003
873,3.445600e-003,1.866800e-003
874,3.619300e-003,1.868000e-003
875,2.818400e-003,1.868100e-003
876,3.615400e-003,1.881900e-003
877,3.116700e-003,1.884700e-003
878,2.817000e-003,1.891200e-003
879,3.587500e-003,1.898700e-003
880,3.166700e-003,1.899200e-003
881,3.018900e-003,1.906500e-003
882,3.689800e-003,1.911800e-003
883,3.788600e-003,1.911900e-003
884,3.522500e-003,1.910000e-003
885,3.514000e-003,1.926400e-003
886,2.869800e-003,1.929300e-003
887,3.535000e-003,1.919000e-003
888,3.278800e-003,1.907800e-003
889,3.806100e-003,1.944500e-003
890,3.785300e-003,1.914900e-003
891,3.451400e-003,1.943700e-003
892,3.665900e-003,1.951600e-003
893,3.178500e-003,1.939600e-003
894,3.173600e-003,1.952700e-003
895,3.532300e-003,1.960700e-003
896,2.918000e-003,1.969200e-003
897,3.513600e-003,1.943500e-003
898,3.405500e-003,1.982200e-003
899,3.379400e-003,1.980300e-003
900,3.686100e-003,1.979400e-003
901,2.724800e-003,1.977100e-003
902,3.095400e-003,1.972100e-003
903,3.059700e-003,1.987400e-003
904,2.529200e-003,1.991300e-003
905,2.777700e-003,2.008600e-003
906,3.167000e-003,1.996500e-003
907,2.516300e-003,2.011500e-003
908,3.862000e-003,2.018600e-003
909,3.364900e-003,2.023500e-003
910,3.117500e-003,2.026600e-003
911,3.119400e-003,2.028300e-003
912,3.858700e-003,2.037400e-003
913,3.527100e-003,2.036500e-003
914,3.370800e-003,2.037600e-003
915,3.578900e-003,2.042300e-003
916,3.211100e-003,2.040600e-003
917,2.890200e-003,2.036400e-003
918,3.738400e-003,2.075100e-003
919,3.273700e-003,2.067100e-003
920,3.411900e-003,2.063100e-003
921,3.430700e-003,2.077600e-003
922,3.657400e-003,2.074800e-003
923,4.281100e-003,2.078700e-003
924,3.091100e-003,2.095900e-003
925,3.793700e-003,2.088700e-003
926,3.454000e-003,2.093400e-003
927,3.014600e-003,2.085100e-003
928,3.537200e-003,2.104900e-003
929,3.515900e-003,2.096700e-003
930,2.584600e-003,2.120100e-003
931,3.123800e-003,2.112500e-003
932,3.633200e-003,2.126800e-003
933,3.632000e-003,2.138100e-003
934,3.211100e-003,2.134500e-003
935,3.428300e-003,2.130400e-003
936,3.487000e-003,2.137800e-003
937,3.556400e-003,2.133800e-003
938,3.225600e-003,2.151300e-003
939,3.841000e-003,2.121300e-003
940,3.449700e-003,2.164800e-003
941,3.634900e-003,2.166300e-003
942,3.708200e-003,2.166500e-003
943,3.825100e-003,2.177700e-003
944,3.583300e-003,2.179500e-003
945,3.616000e-003,2.172400e-003
946,3.673500e-003,2.176100e-003
947,3.474000e-003,2.193000e-003
948,3.024900e-003,2.195300e-003
949,3.307600e-003,2.193500e-003
950,3.799100e-003,2.202500e-003
951,3.651700e-003,2.206500e-003
952,3.684700e-003,2.204600e-003
953,3.741700e-003,2.223100e-003
954,3.060800e-003,2.225700e-003
955,5.039800e-003,2.217500e-003
956,3.002800e-003,2.222100e-003
957,3.651600e-003,2.233600e-003
958,3.701200e-003,2.246600e-003
959,3.671100e-003,2.240100e-003
960,3.705200e-003,2.237400e-003
961,3.499300e-003,2.253700e-003
962,3.608100e-003,2.252800e-003
963,3.736400e-003,2.270000e-003
964,4.041500e-003,2.272600e-003
965,3.342400e-003,2.283300e-003
966,3.599600e-003,2.280800e-003
967,3.528400e-003,2.288500e-003
968,3.787200e-003,2.286600e-003
969,3.626100e-003,2.287000e-003
970,3.702000e-003,2.266200e-003
971,3.854000e-003,2.286900e-003
972,3.905700e-003,2.307700e-003
973,3.623900e-003,2.316300e-003
974,4.237700e-003,2.325400e-003
975,3.326100e-003,2.319400e-003
976,3.851500e-003,2.318700e-003
977,3.844300e-003,2.314100e-003
978,3.785900e-003,2.338200e-003
979,3.441700e-003,2.323700e-003
980,3.516000e-003,2.337200e-003
981,3.411300e-003,2.333300e-003
982,3.792000e-003,2.334300e-003
983,3.594300e-003,2.334500e-003
984,3.852900e-003,2.370000e-003
985,4.063900e-003,2.371000e-003
986,4.860700e-003,2.375700e-003
987,5.941300e-003,2.383500e-003
988,8.526800e-003,2.367800e-003
989,4.034900e-003,2.381400e-003
990,8.117500e-003,2.388500e-003
991,7.526400e-003,2.398100e-003
992,3.991400e-003,2.399500e-003
993,4.723500e-003,2.402500e-003
994,4.339600e-003,2.397800e-003
995,3.848300e-003,2.408700e-003
996,4.314000e-003,2.407400e-003
997,4.199800e-003,2.424300e-003
998,4.620900e-003,2.430200e-003
999,3.807300e-003,2.427600e-003
1000,3.927800e-003,2.440100e-003
